Ticker,Price,Slope,RVOL
CPPLUS,3972.2,0.001584,0.96
AEGISLOG,1382.3,0.000736,0.81
AEGISVOPAK,285.2,0.000841,0.53
AETHER,1744.1,0.002774,0.53
BHEL,429.6,0.000745,1.5
BBOX,856.55,0.000735,2.0
CUB,220.07,0.000998,0.99
COFORGE,1814.3,0.002754,0.7
CUPID,356.65,0.005747,1.08
CYIENT,1084.7,0.006232,0.75
LALPATHLAB,1898.9,0.001716,0.73
FINCABLES,1402.2,0.007964,0.66
HFCL,258.31,0.002765,0.88
KOTAKBANK,435.0,0.001851,1.06
LGEINDIA,1723.0,0.002265,0.55
MTARTECH,7849.5,0.004808,0.87
MEESHO,232.19,0.004376,0.57
NETWEB,4715.1,0.001263,2.16
PNBHOUSING,1150.0,0.000751,1.84
PTCIL,24470.0,0.005694,1.21
PVRINOX,1309.2,0.003602,0.86
PETRONET,288.5,0.000902,1.41
SOLARINDS,19870.0,0.001517,0.51
STLTECH,1011.55,0.011202,0.69
TDPOWERSYS,793.5,0.006701,0.74
WELSPUNLIV,225.07,0.007713,0.43
